"","D_10_R1.sam","D_10_R1.sam"
"MED134_07389",12973,12005
"MED134_07384",1557,1420
"MED134_07379",3400,3386
"MED134_07374",1987,1814
"MED134_07369",2087,1683
"MED134_07364",1771,1680
"MED134_07359",8932,8540
"MED134_07354",2899,2545
"MED134_07349",1326,1286
"MED134_07344",960,910
"MED134_07339",597,589
"MED134_07334",1302,1273
"MED134_07329",2059,1948
"MED134_07319",280,266
"MED134_07314",863,835
"MED134_07309",1213,1067
"MED134_07304",1985,1791
"MED134_07299",8304,8132
"MED134_07294",882,872
"MED134_07289",3343,3269
"MED134_07284",1569,1558
"MED134_07279",139,108
"MED134_07274",218,183
"MED134_07269",974,928
"MED134_07264",1005,914
"MED134_07259",403,345
"MED134_07254",4568,4552
"MED134_07249",1847,1830
"MED134_07244",2221,1976
"MED134_07239",89,89
"MED134_07234",237,236
"MED134_07229",289,229
"MED134_07224",132,129
"MED134_07219",742,735
"MED134_07214",767,701
"MED134_07209",1726,1703
"MED134_07204",3048,3036
"MED134_07199",205,203
"MED134_07194",922,887
"MED134_07189",1540,1462
"MED134_07184",4425,4248
"MED134_07179",386,355
"MED134_07174",1142,1109
"MED134_07169",1080,1004
"MED134_07164",1124,1070
"MED134_07159",1187,959
"MED134_07154",859,805
"MED134_07149",1037,959
"MED134_07144",9736,9632
"MED134_07139",9920,9564
"MED134_07134",9273,9101
"MED134_07129",3314,3234
"MED134_07124",5987,5959
"MED134_07119",167,164
"MED134_07114",202,189
"MED134_07109",821,803
"MED134_07104",1035,1006
"MED134_07099",55,54
"MED134_07094",4117,4102
"MED134_07089",72,72
"MED134_07079",741,733
"MED134_07074",1495,1439
"MED134_07069",416,365
"MED134_07064",3222,3190
"MED134_07059",110,90
"MED134_07054",911,892
"MED134_07049",472,457
"MED134_07044",487,438
"MED134_07039",337,281
"MED134_07034",316,291
"MED134_07029",927,875
"MED134_07024",2022,1931
"MED134_07019",703,609
"MED134_07014",1504,1440
"MED134_07009",321,270
"MED134_07004",846,772
"MED134_06999",681,656
"MED134_06994",25,20
"MED134_06989",634,619
"MED134_06984",2153,2004
"MED134_06974",743,687
"MED134_06969",984,852
"MED134_06964",1116,976
"MED134_06959",1203,1138
"MED134_06954",2036,1967
"MED134_06949",105,95
"MED134_06944",167,138
"MED134_06939",169,154
"MED134_06934",196,180
"MED134_06929",103,81
"MED134_06924",128,104
"MED134_06919",188,179
"MED134_15094",300,278
"MED134_06909",351,329
"MED134_06904",451,448
"MED134_06894",2191,2153
"MED134_06889",3103,2978
"MED134_06884",1148,1045
"MED134_06879",2252,2156
"MED134_06874",4110,3831
"MED134_06869",188,188
"MED134_06864",251,229
"MED134_06859",122,113
"MED134_06854",80,77
"MED134_06849",449,424
"MED134_06844",659,635
"MED134_06839",95,95
"MED134_06834",14,13
"MED134_06829",132,124
"MED134_06824",200,187
"MED134_06819",90,80
"MED134_06814",116,115
"MED134_06809",20,18
"MED134_06804",1929,1602
"MED134_06799",2688,2349
"MED134_06794",3626,3546
"MED134_06789",2176,1963
"MED134_06784",1561,1492
"MED134_06779",308,264
"MED134_06774",3022,2789
"MED134_06769",938,915
"MED134_15123",1163,1097
"MED134_15124",1017,844
"MED134_06754",768,766
"MED134_06749",127,97
"MED134_15127",41,28
"MED134_06744",177,175
"MED134_06739",109,97
"MED134_06734",436,411
"MED134_06729",1056,1027
"MED134_06724",947,863
"MED134_06719",2319,2257
"MED134_06714",126,112
"MED134_06709",140,131
"MED134_06704",951,884
"MED134_06699",814,732
"MED134_06694",335,331
"MED134_06689",60,57
"MED134_06684",1620,1598
"MED134_06679",437,389
"MED134_06674",1883,1814
"MED134_15143",674,565
"MED134_06669",3356,3299
"MED134_06664",1818,1680
"MED134_06659",2391,2077
"MED134_06654",2275,2059
"MED134_06649",1563,1480
"MED134_06644",4611,4484
"MED134_06639",2210,2132
"MED134_06634",1221,1214
"MED134_06629",1727,1703
"MED134_06624",796,776
"MED134_06619",814,781
"MED134_06614",792,728
"MED134_06609",999,997
"MED134_06604",1191,1176
"MED134_15159",742,713
"MED134_06594",9512,9215
"MED134_06589",6729,6659
"MED134_06584",1264,1133
"MED134_15163",1047,929
"MED134_06574",1223,1215
"MED134_06569",8012,7982
"MED134_06564",1037,758
"MED134_06559",2133,2048
"MED134_06554",2507,2030
"MED134_06549",12786,12079
"MED134_06544",6592,6379
"MED134_06539",5467,5389
"MED134_06534",25362,25301
"MED134_06529",188,187
"MED134_06524",159,154
"MED134_06519",298,292
"MED134_06514",303,302
"MED134_06509",293,281
"MED134_06504",736,690
"MED134_06499",1910,1762
"MED134_06494",6746,6558
"MED134_06489",2132,1717
"MED134_06484",1007,776
"MED134_06479",125,101
"MED134_06474",189,163
"MED134_06469",244,168
"MED134_06464",733,694
"MED134_06459",885,832
"MED134_06454",2284,2269
"MED134_06449",4285,4171
"MED134_06444",1512,1455
"MED134_06439",305,226
"MED134_06434",409,402
"MED134_06429",641,631
"MED134_06424",187,185
"MED134_06419",2828,2583
"MED134_06414",3330,3165
"MED134_06409",950,783
"MED134_06404",850,802
"MED134_06399",552,468
"MED134_06394",2986,2861
"MED134_06389",1441,1255
"MED134_06384",4601,4461
"MED134_06379",1225,1201
"MED134_06374",2805,2659
"MED134_06369",4102,4061
"MED134_06364",992,982
"MED134_06359",1228,1212
"MED134_06349",1026,983
"MED134_06344",2658,2364
"MED134_06339",3511,3489
"MED134_06334",21781,16830
"MED134_06329",41046,39249
"MED134_06319",13329,12805
"MED134_06314",2164,2133
"MED134_06309",4346,4127
"MED134_06304",3677,3349
"MED134_06299",681,610
"MED134_06294",3034,2988
"MED134_06289",3362,3260
"MED134_06284",859,854
"MED134_06279",551,509
"MED134_06274",1056,1030
"MED134_06269",1430,1350
"MED134_06264",2531,2501
"MED134_06259",2197,2159
"MED134_06254",1181,1112
"MED134_06249",440,437
"MED134_06244",207,207
"MED134_06239",7099,7020
"MED134_06234",2995,2839
"MED134_06229",7906,7633
"MED134_06224",2326,2017
"MED134_06219",1200,1189
"MED134_06214",737,711
"MED134_06209",395,394
"MED134_06204",845,837
"MED134_06199",1096,1085
"MED134_06194",262,210
"MED134_06189",342,329
"MED134_06184",497,412
"MED134_06179",212,41
"MED134_06174",3341,3326
"MED134_06169",721,689
"MED134_06164",3340,3333
"MED134_06159",603,601
"MED134_06154",1864,1744
"MED134_06149",1019,976
"MED134_06144",1501,1338
"MED134_06139",744,741
"MED134_06134",2907,2902
"MED134_06129",29724,29528
"MED134_06124",1900,1389
"MED134_06119",1831,1819
"MED134_06114",1210,1158
"MED134_06109",551,505
"MED134_06104",997,913
"MED134_06099",5453,5226
"MED134_06094",6415,6403
"MED134_06089",4105,3999
"MED134_06079",1471,1466
"MED134_06074",8987,8798
"MED134_06069",29125,28233
"MED134_06064",2115,1994
"MED134_06059",901,867
"MED134_06054",1342,1278
"MED134_06049",772,769
"MED134_06044",253,252
"MED134_06039",2361,2233
"MED134_06034",2918,2565
"MED134_06029",2452,2364
"MED134_06024",1313,1281
"MED134_06019",505,468
"MED134_06014",513,488
"MED134_06009",262,218
"MED134_06004",1208,1141
"MED134_05999",6602,4271
"MED134_05994",23964,22381
"MED134_05989",24485,23702
"MED134_05984",4387,4270
"MED134_05979",1272,1185
"MED134_05974",2371,2161
"MED134_05969",12346,11995
"MED134_05964",4365,4156
"MED134_05959",3959,3818
"MED134_05954",2211,2103
"MED134_05949",1453,1422
"MED134_05944",681,611
"MED134_05939",7263,7089
"MED134_05934",5920,5858
"MED134_05929",4965,4708
"MED134_05924",11483,11460
"MED134_05919",2989,2984
"MED134_05914",1190,1098
"MED134_05909",182,179
"MED134_05904",58,48
"MED134_05899",131,128
"MED134_05894",109,102
"MED134_05889",147,142
"MED134_05884",477,463
"MED134_05879",536,459
"MED134_05874",425,411
"MED134_05869",158,151
"MED134_15304",255,196
"MED134_05859",254,242
"MED134_15306",395,354
"MED134_05849",361,313
"MED134_05844",625,596
"MED134_15309",253,152
"MED134_05839",4484,4402
"MED134_05834",1539,1450
"MED134_05829",1783,1780
"MED134_05824",465,465
"MED134_05819",253,221
"MED134_05814",2388,2015
"MED134_05809",3979,3667
"MED134_05804",529,524
"MED134_05799",540,520
"MED134_05794",1786,1501
"MED134_05789",7193,6883
"MED134_05784",4187,4153
"MED134_05779",2188,2147
"MED134_05774",1187,954
"MED134_05769",1229,1013
"MED134_05764",1939,1930
"MED134_05754",105,101
"MED134_05749",1720,1712
"MED134_05744",485,435
"MED134_05739",969,827
"MED134_05734",701,687
"MED134_05729",21,20
"MED134_05724",1030,993
"MED134_05719",158,157
"MED134_15334",197,196
"MED134_05704",1474,1454
"MED134_05699",4265,4250
"MED134_05694",3744,3736
"MED134_05689",747,673
"MED134_05684",3511,3495
"MED134_05679",730,729
"MED134_05674",779,722
"MED134_05669",1301,1144
"MED134_05664",1138,1080
"MED134_05659",2314,2274
"MED134_15345",376,349
"MED134_05649",526,461
"MED134_05644",600,571
"MED134_15348",607,560
"MED134_05634",225,196
"MED134_05629",336,324
"MED134_05624",557,310
"MED134_05619",1469,1389
"MED134_05614",161,117
"MED134_15354",191,102
"MED134_05604",808,795
"MED134_05599",740,703
"MED134_05589",621,580
"MED134_05584",399,330
"MED134_05579",999,970
"MED134_05574",794,788
"MED134_05569",263,250
"MED134_05564",856,840
"MED134_05559",723,701
"MED134_05554",1104,1102
"MED134_05549",712,613
"MED134_05544",1336,1135
"MED134_05539",1783,1747
"MED134_05534",168,157
"MED134_05529",3085,2935
"MED134_05524",724,681
"MED134_05519",1668,1661
"MED134_05514",16157,16084
"MED134_05509",66,65
"MED134_05504",276,253
"MED134_05499",165,146
"MED134_05494",350,333
"MED134_05489",1462,1418
"MED134_05484",243,225
"MED134_15379",1603,9
"MED134_05474",14634,14577
"MED134_05469",311,272
"MED134_05464",264,240
"MED134_05459",417,394
"MED134_05454",1503,1472
"MED134_05449",5106,4849
"MED134_05444",3116,3114
"MED134_05439",2825,2812
"MED134_05434",19130,18999
"MED134_05429",459,454
"MED134_05424",440,436
"MED134_05419",960,930
"MED134_05414",14662,14601
"MED134_05409",106,98
"MED134_05404",6978,6780
"MED134_05399",2874,2768
"MED134_05394",2237,2199
"MED134_05389",15216,15180
"MED134_05384",2083,2064
"MED134_05379",6765,6591
"MED134_05374",2232,2224
"MED134_05369",23253,23184
"MED134_05364",26810,26147
"MED134_05359",23910,23804
"MED134_05354",571,490
"MED134_05349",1553,1436
"MED134_05344",3868,3761
"MED134_05339",348,344
"MED134_05334",675,620
"MED134_05329",1544,1490
"MED134_05324",1404,1252
"MED134_05319",994,934
"MED134_05314",3471,3364
"MED134_05309",3766,3043
"MED134_05304",5310,5173
"MED134_05299",1136,897
"MED134_05294",1906,1824
"MED134_05289",1489,1423
"MED134_05284",1420,1307
"MED134_05279",12263,12220
"MED134_05274",2168,2157
"MED134_05269",1259,1211
"MED134_15422",452,438
"MED134_05259",1843,1794
"MED134_05254",3355,3261
"MED134_05249",508,455
"MED134_05244",559,521
"MED134_05239",641,602
"MED134_05234",489,476
"MED134_05229",1896,1799
"MED134_05224",2930,2927
"MED134_05219",7754,7501
"MED134_05214",4427,4408
"MED134_05209",1532,1485
"MED134_05204",217,179
"MED134_05199",1070,1058
"MED134_05194",322,250
"MED134_05184",2013,1616
"MED134_05174",242,242
"MED134_05169",1495,1429
"MED134_15440",188,124
"MED134_05159",431,389
"MED134_05154",361,352
"MED134_05149",596,510
"MED134_05144",750,583
"MED134_05139",928,842
"MED134_05134",604,598
"MED134_05129",28080,27995
"MED134_05124",3798,3725
"MED134_05119",2054,2047
"MED134_05114",39861,39497
"MED134_05109",35527,29839
"MED134_05104",38059,31173
"MED134_05099",19685,19626
"MED134_05094",3660,3632
"MED134_05089",597,590
"MED134_05084",13385,13266
"MED134_05079",2842,1638
"MED134_05074",2081,2005
"MED134_05069",1367,1075
"MED134_05064",1849,1750
"MED134_05059",861,856
"MED134_05054",7711,7675
"MED134_05049",1585,1499
"MED134_05044",718,672
"MED134_05039",907,851
"MED134_05034",366,347
"MED134_05029",1330,1322
"MED134_05024",735,701
"MED134_05019",528,494
"MED134_05014",7698,7680
"MED134_05009",1856,1836
"MED134_05004",1129,1040
"MED134_04999",29,29
"MED134_04994",4259,4164
"MED134_04989",1358,1354
"MED134_04984",997,921
"MED134_04979",325,309
"MED134_04974",781,691
"MED134_04969",834,778
"MED134_04964",7520,7474
"MED134_04959",12012,11980
"MED134_04954",23358,19285
"MED134_04949",6715,6358
"MED134_04944",4756,4198
"MED134_04939",5442,5422
"MED134_04934",6238,6226
"MED134_04929",307,262
"MED134_04924",6488,6347
"MED134_04919",2554,2102
"MED134_04914",1929,1722
"MED134_04909",2605,2483
"MED134_04904",1282,1236
"MED134_04899",1086,964
"MED134_04894",834,762
"MED134_04889",2895,2760
"MED134_04884",2417,2359
"MED134_04879",3823,3656
"MED134_04874",3622,3339
"MED134_04869",4625,4335
"MED134_04864",2548,2541
"MED134_04859",252,249
"MED134_04854",3534,3521
"MED134_04849",4385,4028
"MED134_04844",5872,5668
"MED134_04839",17467,17422
"MED134_04834",3625,3051
"MED134_04829",6836,6519
"MED134_04824",8211,8080
"MED134_04819",4321,3937
"MED134_04814",7433,7088
"MED134_04809",4678,4269
"MED134_04804",2761,2523
"MED134_04799",1742,1735
"MED134_04794",126,126
"MED134_04789",372,364
"MED134_04784",1917,1914
"MED134_04779",2161,2116
"MED134_04774",1568,1534
"MED134_15519",33497,28075
"MED134_04769",36125,35286
"MED134_15521",2444,2135
"MED134_13756",636,45
"MED134_04764",4444,3668
"MED134_04759",1122,1108
"MED134_04754",8185,8116
"MED134_04749",5119,4953
"MED134_04744",500,480
"MED134_04739",2318,2308
"MED134_04734",684,660
"MED134_04729",833,793
"MED134_04724",974,855
"MED134_04719",1225,929
"MED134_04714",1473,1438
"MED134_04709",783,646
"MED134_04704",1078,979
"MED134_04699",128,127
"MED134_04694",37,34
"MED134_04689",34,32
"MED134_04684",2601,2591
"MED134_04679",161,160
"MED134_04674",4155,3898
"MED134_04669",1303,1011
"MED134_04664",2589,2452
"MED134_04659",2286,2132
"MED134_04654",1548,1424
"MED134_04649",3569,3314
"MED134_04639",435,419
"MED134_04634",3194,3039
"MED134_04629",551,522
"MED134_04624",216,214
"MED134_04619",188,186
"MED134_04614",1273,1256
"MED134_04609",2087,1875
"MED134_04604",4346,4225
"MED134_04599",4954,4818
"MED134_04594",3277,3189
"MED134_04589",1297,1263
"MED134_04584",836,774
"MED134_04579",536,507
"MED134_04574",866,794
"MED134_04569",2670,2515
"MED134_04564",2344,2115
"MED134_04559",1445,1399
"MED134_04554",1782,1538
"MED134_04549",3402,3227
"MED134_04544",1981,1865
"MED134_04539",7003,6906
"MED134_04534",998,956
"MED134_04529",354,326
"MED134_04524",889,818
"MED134_04519",6924,6818
"MED134_04514",2488,2480
"MED134_04509",632,629
"MED134_04504",59,56
"MED134_04499",109,93
"MED134_04494",137,137
"MED134_04489",322,322
"MED134_04484",116363,116011
"MED134_04479",1480,1324
"MED134_04469",897,859
"MED134_04464",259,258
"MED134_04459",604,587
"MED134_04454",355,344
"MED134_04449",178,163
"MED134_04444",243,237
"MED134_04439",1511,1504
"MED134_04434",6046,5730
"MED134_04429",6441,5936
"MED134_04424",105,75
"MED134_04419",824,743
"MED134_04414",1458,1405
"MED134_04409",1870,1827
"MED134_04404",5602,5491
"MED134_04399",750,633
"MED134_04394",379,368
"MED134_04389",838,706
"MED134_04384",837,784
"MED134_04379",1626,372
"MED134_04374",4906,4885
"MED134_04369",1182,1182
"MED134_04364",1788,1702
"MED134_04359",7533,7051
"MED134_04354",5238,5220
"MED134_04349",4266,4245
"MED134_04344",372,343
"MED134_04339",1121,820
"MED134_04334",1587,1269
"MED134_04329",6391,6294
"MED134_04324",1514,1514
"MED134_04319",6317,6300
"MED134_04314",6088,5958
"MED134_04309",1359,1343
"MED134_04304",3470,3453
"MED134_04299",4918,4750
"MED134_04294",572,565
"MED134_04289",2434,2262
"MED134_04284",1592,1464
"MED134_04279",1366,1330
"MED134_04274",880,857
"MED134_04269",254,207
"MED134_04259",16871,16812
"MED134_04254",2243,2083
"MED134_04249",2028,1949
"MED134_04244",8187,7905
"MED134_04239",2402,2398
"MED134_04234",5829,5816
"MED134_04229",2376,2146
"MED134_04224",1994,1981
"MED134_04219",780,732
"MED134_04214",1183,1034
"MED134_04209",1048,724
"MED134_04204",1947,1934
"MED134_04199",15287,15231
"MED134_04194",5517,5486
"MED134_04189",810,773
"MED134_04184",2825,2759
"MED134_04179",3034,2800
"MED134_04174",1330,1222
"MED134_04169",1008,924
"MED134_04164",496,382
"MED134_04159",1929,1887
"MED134_04154",5159,4982
"MED134_04149",257,253
"MED134_04144",1001,884
"MED134_04139",1844,1740
"MED134_15652",1792,1688
"MED134_04129",1151,1053
"MED134_04124",374,334
"MED134_04119",1520,1512
"MED134_04114",13038,13004
"MED134_04109",6378,5745
"MED134_04099",1351,1229
"MED134_04094",1078,1045
"MED134_04089",483,465
"MED134_04084",249,237
"MED134_04079",1996,1893
"MED134_04074",1086,1083
"MED134_04069",14792,14755
"MED134_04064",29155,28898
"MED134_04059",3293,2634
"MED134_04054",2513,2506
"MED134_04049",2202,2166
"MED134_04044",182,181
"MED134_04039",277,270
"MED134_04034",639,628
"MED134_04029",589,500
"MED134_04024",410,392
"MED134_04019",1256,1253
"MED134_04014",558,555
"MED134_04009",983,964
"MED134_04004",927,924
"MED134_03999",864,736
"MED134_03994",1999,1990
"MED134_03989",914,913
"MED134_03984",1310,1271
"MED134_03979",1847,1789
"MED134_03974",211,201
"MED134_03969",159,156
"MED134_03964",6236,6216
"MED134_03959",3616,3347
"MED134_03954",1230,1196
"MED134_03949",584,484
"MED134_03944",1488,1449
"MED134_03939",5074,5016
"MED134_03934",1875,1826
"MED134_03929",5679,5663
"MED134_03924",6951,6778
"MED134_03919",514,498
"MED134_03914",370,344
"MED134_03909",104,102
"MED134_03904",413,412
"MED134_03899",714,712
"MED134_03894",2503,2464
"MED134_03889",471,423
"MED134_03884",1759,1695
"MED134_03879",12123,11967
"MED134_03874",1391,1286
"MED134_03869",20359,20308
"MED134_03864",5921,5547
"MED134_03859",4525,4363
"MED134_03854",1106,1099
"MED134_03849",4670,4552
"MED134_03844",3173,3054
"MED134_03839",1738,1691
"MED134_03834",110,108
"MED134_03829",383,356
"MED134_03824",1175,1164
"MED134_03819",2245,2182
"MED134_03814",1097,1037
"MED134_03809",3555,3444
"MED134_03804",464,442
"MED134_03799",623,600
"MED134_03794",802,747
"MED134_03789",1243,1216
"MED134_03784",5526,5283
"MED134_03779",3258,3149
"MED134_03774",25,25
"MED134_03769",1110,1022
"MED134_03764",2342,2320
"MED134_03759",418,414
"MED134_03754",2519,2450
"MED134_03749",4210,4041
"MED134_03744",707,657
"MED134_03739",5843,5724
"MED134_03734",4844,4434
"MED134_03729",3557,2869
"MED134_03724",8021,7455
"MED134_03719",4448,4055
"MED134_03714",1627,1552
"MED134_03709",3372,3185
"MED134_03704",1217,1130
"MED134_03699",2616,2530
"MED134_03694",548,198
"MED134_03689",2667,2581
"MED134_03684",5093,5084
"MED134_03679",46704,46178
"MED134_03674",1648,1624
"MED134_03669",96,85
"MED134_03664",532,504
"MED134_03659",6509,6427
"MED134_03654",165,149
"MED134_03649",1152,1123
"MED134_03644",272,259
"MED134_03639",2428,2113
"MED134_15751",1746,1296
"MED134_03629",5101,4933
"MED134_03624",1073,990
"MED134_03614",1114,1022
"MED134_03609",681,664
"MED134_03604",73,72
"MED134_03599",773,770
"MED134_03594",432,426
"MED134_03589",15912,15871
"MED134_03584",269,255
"MED134_03579",1802,1726
"MED134_03574",410,348
"MED134_03569",987,982
"MED134_03564",4569,4413
"MED134_03559",8614,8079
"MED134_03554",529,521
"MED134_03549",4415,4357
"MED134_03544",695,685
"MED134_03539",656,617
"MED134_03534",614,578
"MED134_03529",348,341
"MED134_03524",2003,1989
"MED134_03519",1437,1323
"MED134_03514",1071,893
"MED134_03509",1470,1303
"MED134_03504",2052,1849
"MED134_03499",923,919
"MED134_03494",1077,1074
"MED134_03489",6487,6461
"MED134_03484",47171,47076
"MED134_03479",965,948
"MED134_03474",9052,8910
"MED134_03469",5742,5197
"MED134_03464",11395,11367
"MED134_03459",2176,2118
"MED134_03454",623,615
"MED134_03449",1643,1627
"MED134_03444",766,697
"MED134_03439",6341,6323
"MED134_03434",972,963
"MED134_03429",10383,10208
"MED134_03424",5843,5307
"MED134_03419",22296,21717
"MED134_03414",12311,11839
"MED134_03409",252,223
"MED134_03404",550,541
"MED134_03399",4381,4363
"MED134_03394",3225,3214
"MED134_03389",6273,6256
"MED134_03384",231,224
"MED134_03379",1612,1389
"MED134_03374",3219,3037
"MED134_03369",1364,1339
"MED134_03364",1160,1116
"MED134_03359",823,782
"MED134_03354",1301,1138
"MED134_03349",1183,1116
"MED134_03344",4917,4911
"MED134_03339",506,505
"MED134_03334",1370,1367
"MED134_03329",800,758
"MED134_03324",1845,1684
"MED134_03319",678,675
"MED134_03314",556,550
"MED134_03309",322,307
"MED134_03304",830,784
"MED134_03299",555,522
"MED134_03294",507,451
"MED134_03289",872,805
"MED134_15821",669,650
"MED134_15822",121,81
"MED134_03274",703,644
"MED134_03269",243,232
"MED134_03264",794,749
"MED134_03259",553,517
"MED134_03254",467,443
"MED134_03249",483,386
"MED134_03244",702,652
"MED134_15830",688,563
"MED134_03234",595,490
"MED134_03229",1510,1032
"MED134_03224",1343,1266
"MED134_03219",234,217
"MED134_03214",732,553
"MED134_03209",2331,2225
"MED134_03204",484,447
"MED134_03199",1669,1443
"MED134_03194",1653,1623
"MED134_03189",1594,1587
"MED134_03184",1085,1057
"MED134_03179",784,690
"MED134_03174",72,69
"MED134_03169",3753,3598
"MED134_03164",15223,14257
"MED134_03159",8296,7096
"MED134_03154",6765,6735
"MED134_03149",2976,2784
"MED134_03144",674,642
"MED134_15850",6377,5700
"MED134_03120",4537,4434
"MED134_03115",3137,2974
"MED134_03110",5472,5447
"MED134_03105",2191,2019
"MED134_03100",441,437
"MED134_03095",2062,1903
"MED134_03090",1358,1341
"MED134_03085",379,361
"MED134_03080",2910,2836
"MED134_03075",903,851
"MED134_03070",709,677
"MED134_15862",1891,1885
"MED134_03065",16491,15741
"MED134_03060",1536,1443
"MED134_03055",1940,1745
"MED134_03050",1732,1551
"MED134_03045",4703,4621
"MED134_03040",283,276
"MED134_03035",2038,1952
"MED134_03030",3892,3721
"MED134_03025",2912,2823
"MED134_03020",10428,10389
"MED134_03015",2817,2744
"MED134_03010",2645,2601
"MED134_03005",1271,1157
"MED134_03000",663,660
"MED134_02995",909,879
"MED134_02990",2857,2841
"MED134_02985",2308,2175
"MED134_02980",1628,1337
"MED134_02975",3783,3473
"MED134_02970",2279,2151
"MED134_02965",1271,1128
"MED134_02960",595,590
"MED134_02955",2140,2134
"MED134_02950",118657,118373
"MED134_02945",165,137
"MED134_02940",1381,1343
"MED134_02935",2913,2865
"MED134_02930",3230,3214
"MED134_02925",575,569
"MED134_02920",96,94
"MED134_02915",620,618
"MED134_02910",2042,1872
"MED134_02905",705,671
"MED134_02900",3869,3862
"MED134_02895",584,505
"MED134_02890",481,443
"MED134_02885",883,810
"MED134_02880",1028,1025
"MED134_02875",588,586
"MED134_02870",2619,2565
"MED134_02865",558,491
"MED134_02860",1639,1584
"MED134_02855",2741,2732
"MED134_02850",6404,6251
"MED134_02845",2328,2282
"MED134_02840",2308,2144
"MED134_02835",2558,2425
"MED134_02830",1459,1247
"MED134_02825",1282,1266
"MED134_02820",16899,16862
"MED134_02815",1051,1024
"MED134_02810",95,94
"MED134_02805",1166,1150
"MED134_02800",4715,4465
"MED134_02795",1403,1396
"MED134_02790",174,167
"MED134_02785",1268,1233
"MED134_02780",2391,2237
"MED134_02775",1933,1770
"MED134_02770",2175,2072
"MED134_02765",2445,2384
"MED134_02760",3459,3397
"MED134_02755",181,171
"MED134_02750",16,11
"MED134_02745",53,50
"MED134_02740",45,35
"MED134_02735",181,180
"MED134_02730",57,56
"MED134_02725",14,9
"MED134_02720",116,114
"MED134_02715",13,7
"MED134_02710",12,11
"MED134_02705",111,104
"MED134_02700",42,40
"MED134_02695",48,19
"MED134_02690",157,154
"MED134_02685",47,42
"MED134_02680",50,49
"MED134_02675",37,35
"MED134_02670",34,33
"MED134_02665",160,157
"MED134_02660",1441,1398
"MED134_02655",1238,1179
"MED134_02650",34,28
"MED134_02645",21,20
"MED134_02640",55,54
"MED134_02635",15,15
"MED134_02630",35,33
"MED134_02625",1175,1130
"MED134_02620",383,381
"MED134_02615",3153,3072
"MED134_02610",86821,86168
"MED134_02605",2800,2793
"MED134_02595",52586,52419
"MED134_02590",515,514
"MED134_02585",4711,4704
"MED134_02580",13746,13080
"MED134_02575",3307,2814
"MED134_02570",10557,10220
"MED134_02565",11069,10724
"MED134_02560",788,765
"MED134_02555",364,332
"MED134_02550",399,393
"MED134_02545",270,247
"MED134_02540",345,335
"MED134_02535",659,616
"MED134_02530",2961,2882
"MED134_02525",1152,1101
"MED134_02520",7338,7314
"MED134_02515",4739,4251
"MED134_02510",2100,1971
"MED134_02505",1065,801
"MED134_02500",6142,6118
"MED134_02495",286,270
"MED134_02490",1451,1384
"MED134_02485",48,45
"MED134_02480",4964,4951
"MED134_02475",4039,3861
"MED134_02470",2677,2528
"MED134_02465",886,802
"MED134_02460",997,966
"MED134_02455",1365,1258
"MED134_02450",769,578
"MED134_02445",495,453
"MED134_02440",2788,2720
"MED134_02435",9552,9450
"MED134_02430",1354,1315
"MED134_02425",115542,115200
"MED134_02420",108601,105320
"MED134_02415",39112,37505
"MED134_02410",36515,32839
"MED134_02405",47557,40419
"MED134_02400",34006,30267
"MED134_02395",23937,22340
"MED134_02390",13584,8851
"MED134_02385",109369,108023
"MED134_02380",1337,1280
"MED134_02375",2144,1777
"MED134_02370",30041,26901
"MED134_02365",6908,6323
"MED134_02360",922,669
"MED134_02355",10422,10391
"MED134_02350",777,718
"MED134_02345",434,393
"MED134_02340",7991,7839
"MED134_02335",2792,2517
"MED134_02330",1794,1608
"MED134_02325",2100,1752
"MED134_02320",3245,3126
"MED134_02315",1533,1425
"MED134_02310",529,506
"MED134_02305",622,615
"MED134_02295",337,302
"MED134_02290",360,322
"MED134_02285",6510,6199
"MED134_02275",7166,6728
"MED134_02270",864,808
"MED134_02265",2331,2139
"MED134_02260",1397,1393
"MED134_02255",21592,21529
"MED134_02250",35257,32367
"MED134_02245",27739,18658
"MED134_02240",3609,3548
"MED134_02235",2133,1819
"MED134_02230",2220,2019
"MED134_02225",3615,3334
"MED134_02220",225,178
"MED134_02215",446,442
"MED134_02210",10488,10467
"MED134_02205",951,619
"MED134_02200",1445,1414
"MED134_02195",1449,1276
"MED134_02190",2002,1805
"MED134_02185",2417,2303
"MED134_02180",1863,1508
"MED134_02175",2193,2014
"MED134_02170",2891,2800
"MED134_02165",1414,1341
"MED134_02160",675,667
"MED134_02155",7560,7508
"MED134_02150",2790,2388
"MED134_02145",534,524
"MED134_02140",1219,1150
"MED134_02135",1957,1894
"MED134_02130",14149,14061
"MED134_02125",3206,3131
"MED134_02120",2004,1973
"MED134_02115",5462,5336
"MED134_02110",7446,6912
"MED134_02105",8516,7795
"MED134_02100",1348,1312
"MED134_02095",1469,1363
"MED134_02090",1810,1661
"MED134_02085",2281,2159
"MED134_02080",1258,1189
"MED134_02075",3294,3258
"MED134_02070",1112,1111
"MED134_02065",1552,1463
"MED134_02060",1740,1547
"MED134_16069",1616,1411
"MED134_02050",1699,1569
"MED134_02045",648,636
"MED134_02040",565,536
"MED134_02035",4972,4798
"MED134_02030",1178,1084
"MED134_02025",264,153
"MED134_02020",272,235
"MED134_02015",1105,1079
"MED134_02010",244,209
"MED134_02005",515,511
"MED134_02000",1623,1549
"MED134_01995",1385,1203
"MED134_01990",2595,2334
"MED134_01985",1966,1852
"MED134_01980",6577,6389
"MED134_01975",7992,7758
"MED134_01970",5792,5779
"MED134_01965",1988,1900
"MED134_01960",744,694
"MED134_01955",988,969
"MED134_01950",7078,6712
"MED134_01945",4907,4718
"MED134_01940",2183,1970
"MED134_01935",1926,1806
"MED134_01930",4632,4350
"MED134_01925",1647,1624
"MED134_01920",546,519
"MED134_01915",1217,1158
"MED134_01910",1734,1571
"MED134_01905",3959,3815
"MED134_01900",2195,1937
"MED134_01895",2873,2776
"MED134_01890",22867,22012
"MED134_01885",2068,1982
"MED134_01880",1010,857
"MED134_01875",740,718
"MED134_01870",7061,7026
"MED134_01865",535,459
"MED134_01860",1288,1212
"MED134_01855",1754,1598
"MED134_01850",2210,2132
"MED134_01845",2003,1972
"MED134_01840",2909,2779
"MED134_01835",3826,3700
"MED134_16114",3248,3083
"MED134_01825",2683,2651
"MED134_01820",1194,1142
"MED134_01815",2246,2198
"MED134_01810",14750,14565
"MED134_01805",9625,9602
"MED134_01800",3051,3047
"MED134_01795",5434,5395
"MED134_01790",3158,3149
"MED134_01785",175,172
"MED134_01780",302,268
"MED134_01775",121,119
"MED134_01765",1137,1106
"MED134_01760",12268,12232
"MED134_16129",3581,3331
"MED134_01725",1729,1380
"MED134_01720",787,733
"MED134_01715",881,865
"MED134_01710",1472,1446
"MED134_01705",827,779
"MED134_01700",1023,976
"MED134_01695",3748,3550
"MED134_01690",5562,5549
"MED134_01685",10447,10415
"MED134_01680",3660,3400
"MED134_01675",3462,3207
"MED134_01670",2774,2585
"MED134_01665",1637,1590
"MED134_01660",493,479
"MED134_01655",22415,22110
"MED134_01650",21424,21371
"MED134_01645",2058,1871
"MED134_01640",1643,1481
"MED134_16148",924,625
"MED134_01630",1967,1887
"MED134_01625",57,26
"MED134_01620",577,529
"MED134_01615",281,273
"MED134_01610",2057,2046
"MED134_01605",1740,1699
"MED134_16155",1044,899
"MED134_01595",2540,2444
"MED134_01590",4035,3816
"MED134_01585",2481,2264
"MED134_01580",458,402
"MED134_01575",309,271
"MED134_01570",201,188
"MED134_01565",335,330
"MED134_01560",163,163
"MED134_01550",177,177
"MED134_01545",13152,13121
"MED134_01540",438,434
"MED134_01535",1415,1371
"MED134_01530",308,307
"MED134_01525",3906,3897
"MED134_01520",8773,8612
"MED134_01515",768,712
"MED134_01510",3178,3129
"MED134_01505",6269,6011
"MED134_01500",591,561
"MED134_01495",1061,1035
"MED134_01490",1483,1295
"MED134_01485",1898,1763
"MED134_01480",2493,2265
"MED134_01475",3286,3194
"MED134_01470",191,184
"MED134_01465",1904,1860
"MED134_01460",5706,5522
"MED134_01455",4531,4503
"MED134_01450",13069,13046
"MED134_01445",518,512
"MED134_01440",2625,2484
"MED134_01435",2980,2806
"MED134_01430",7006,6788
"MED134_01425",13071,12269
"MED134_01420",4132,3916
"MED134_01415",1012,869
"MED134_01410",5928,5542
"MED134_01405",3429,3323
"MED134_01400",8330,8158
"MED134_01395",1893,1853
"MED134_01390",4769,1548
"MED134_01385",24025,23936
"MED134_01380",793,778
"MED134_01375",194,192
"MED134_01370",469,400
"MED134_01365",2350,2183
"MED134_01360",6505,6380
"MED134_01355",891,845
"MED134_01350",1363,1287
"MED134_01345",29924,29817
"MED134_01340",37577,32140
"MED134_01335",27659,26268
"MED134_01330",52666,49837
"MED134_01325",2865,2782
"MED134_01320",2668,2465
"MED134_01315",1165,1095
"MED134_01310",343,313
"MED134_01305",449,442
"MED134_01300",136,127
"MED134_01295",1100,1054
"MED134_01290",469,454
"MED134_01285",17089,17028
"MED134_01280",34754,29377
"MED134_01275",192,187
"MED134_01270",1108,1083
"MED134_01265",4707,4521
"MED134_01260",715,681
"MED134_01255",13225,13047
"MED134_01250",404,338
"MED134_16227",246,230
"MED134_01240",1424,1318
"MED134_01235",811,716
"MED134_01230",3132,3061
"MED134_01225",1458,1426
"MED134_01220",4145,4129
"MED134_01215",1282,1202
"MED134_01210",1211,1173
"MED134_01205",18752,18702
"MED134_01200",30996,29410
"MED134_01195",15438,13806
"MED134_01190",23089,22453
"MED134_01185",4304,4106
"MED134_01180",14428,14127
"MED134_01175",298,286
"MED134_01170",424,395
"MED134_01165",3226,3031
"MED134_01160",2440,2393
"MED134_01155",1450,1328
"MED134_01150",2483,1592
"MED134_01145",3510,3490
"MED134_01140",1852,1509
"MED134_01135",7819,7795
"MED134_01125",810,764
"MED134_01120",771,667
"MED134_01115",575,511
"MED134_01110",536,499
"MED134_01105",1861,1837
"MED134_01100",112,111
"MED134_01095",621,604
"MED134_01090",2700,2581
"MED134_01085",472,419
"MED134_01080",579,520
"MED134_01075",4950,4927
"MED134_01070",2929,2913
"MED134_01065",9250,8639
"MED134_01060",6537,6314
"MED134_01055",1926,1817
"MED134_16265",505,388
"MED134_01045",1842,1807
"MED134_01040",664,658
"MED134_01035",231,228
"MED134_01030",851,838
"MED134_01025",2796,2779
"MED134_01020",122,121
"MED134_01015",347,345
"MED134_01010",20126,16718
"MED134_01005",17338,15978
"MED134_01000",36312,20485
"MED134_00995",71513,71359
"MED134_00990",9824,10968
"MED134_00985",571,526
"MED134_00980",1373,1313
"MED134_00975",1181,1116
"MED134_00970",1022,1016
"MED134_00965",361,360
"MED134_00960",7477,7453
"MED134_00955",3384,3133
"MED134_00950",1824,1781
"MED134_00945",2442,2353
"MED134_00940",2075,1805
"MED134_00935",5559,5341
"MED134_00930",13332,12629
"MED134_00925",5513,5292
"MED134_00920",537,505
"MED134_00915",8647,8627
"MED134_00910",848,847
"MED134_00905",808,739
"MED134_00900",6342,6250
"MED134_00895",2791,2593
"MED134_00890",1126,881
"MED134_00885",1976,1914
"MED134_00880",536,486
"MED134_00875",427,423
"MED134_00870",2699,2652
"MED134_00865",8508,8349
"MED134_00860",7103,7004
"MED134_00855",2794,2649
"MED134_00850",1147,1144
"MED134_00845",34865,34779
"MED134_00840",1630,1617
"MED134_00835",1220,1010
"MED134_00830",2594,2300
"MED134_00825",21206,20800
"MED134_00820",13085,12031
"MED134_00815",2290,1083
"MED134_00810",418,351
"MED134_00805",1656,1271
"MED134_00800",3579,3407
"MED134_00795",1223,1011
"MED134_00790",5240,5126
"MED134_00785",2080,2008
"MED134_00780",1366,1212
"MED134_00775",1260,1143
"MED134_00770",899,681
"MED134_00765",808,654
"MED134_00760",582,505
"MED134_00755",1222,1114
"MED134_00750",2664,2480
"MED134_00745",3019,2986
"MED134_00740",479,459
"MED134_00735",293,264
"MED134_00730",646,633
"MED134_00725",231,183
"MED134_00720",473,473
"MED134_00715",370,351
"MED134_00710",618,592
"MED134_00705",299,292
"MED134_00700",115,109
"MED134_00695",361,354
"MED134_00690",888,853
"MED134_00685",149,143
"MED134_00680",147,129
"MED134_00675",2556,2451
"MED134_00670",1860,1838
"MED134_00665",2669,2663
"MED134_00660",316,312
"MED134_00655",14268,14222
"MED134_00650",5043,4245
"MED134_00645",11088,9974
"MED134_00640",40609,39162
"MED134_00635",44454,31803
"MED134_00630",3807,3612
"MED134_00625",3621,3572
"MED134_16360",4031,3738
"MED134_00615",445,406
"MED134_00610",1497,1281
"MED134_00605",1702,1678
"MED134_00600",2822,2680
"MED134_00595",524,474
"MED134_00590",3284,3211
"MED134_00585",14991,14924
"MED134_00580",878,873
"MED134_00575",561,508
"MED134_00570",1678,1625
"MED134_00565",776,747
"MED134_00560",500,494
"MED134_00555",7618,7576
"MED134_00550",1006,986
"MED134_00545",626,618
"MED134_00540",58064,49231
"MED134_00535",41018,38459
"MED134_00530",62832,61108
"MED134_00525",28130,28071
"MED134_00520",4412,4322
"MED134_00515",6035,5504
"MED134_00510",5271,5189
"MED134_00505",2318,2244
"MED134_00500",9746,9496
"MED134_00495",744,721
"MED134_00490",7442,7412
"MED134_00485",4458,4157
"MED134_00480",1293,1241
"MED134_00475",164,161
"MED134_00470",189,157
"MED134_00465",222,206
"MED134_00460",329,313
"MED134_00455",349,289
"MED134_00450",901,888
"MED134_00445",125,101
"MED134_00440",1636,1583
"MED134_00435",639,554
"MED134_00430",1130,1108
"MED134_00425",326,300
"MED134_00420",331,315
"MED134_00415",1322,1201
"MED134_00410",1737,1690
"MED134_00405",9606,9546
"MED134_00400",2154,2113
"MED134_00395",6382,6166
"MED134_00390",4224,3671
"MED134_00385",3556,3526
"MED134_00380",1272,1254
"MED134_00375",1590,1331
"MED134_00370",2675,2551
"MED134_00365",892,867
"MED134_00360",1644,1595
"MED134_00355",1102,948
"MED134_00350",355,345
"MED134_00345",386,315
"MED134_00340",206,180
"MED134_00335",576,524
"MED134_00330",39,38
"MED134_00325",65,64
"MED134_00320",16357,16301
"MED134_00315",7857,7210
"MED134_00310",11639,11104
"MED134_00305",14690,13106
"MED134_00300",18767,17404
"MED134_00295",18659,17873
"MED134_00290",715,695
"MED134_00285",3147,2598
"MED134_00280",2078,2036
"MED134_00275",811,769
"MED134_00270",751,696
"MED134_00265",12994,12956
"MED134_00260",10082,9188
"MED134_00255",17670,17154
"MED134_00250",49579,48342
"MED134_00245",37585,35751
"MED134_00240",54991,50881
"MED134_00235",50329,46871
"MED134_00230",465301,460964
"MED134_00225",14007,13944
"MED134_00220",340,329
"MED134_00215",633,567
"MED134_00210",1482,1476
"MED134_00205",377,353
"MED134_00200",324,305
"MED134_00195",143,113
"MED134_00190",382,350
"MED134_00185",393,374
"MED134_00180",689,622
"MED134_00175",1065,536
"MED134_00170",3466,3329
"MED134_00165",10294,10261
"MED134_00160",178,177
"MED134_00155",341,328
"MED134_00150",1674,1659
"MED134_00145",18230,18036
"MED134_00140",4283,4224
"MED134_00135",17029,16930
"MED134_00130",5399,5014
"MED134_00125",4257,4212
"MED134_00120",2113,1944
"MED134_00115",2007,1969
"MED134_00110",538,527
"MED134_00105",2669,2205
"MED134_00100",3420,3393
"MED134_00090",653,634
"MED134_00085",806,758
"MED134_00080",386,373
"MED134_00075",1789,1778
"MED134_00070",841,803
"MED134_16471",1624,1331
"MED134_00060",1617,1441
"MED134_00055",3052,3044
"MED134_00050",34399,34328
"MED134_00045",3123,3011
"MED134_00040",430,415
"MED134_00035",391,375
"MED134_00030",675,657
"MED134_00025",4070,3903
"MED134_00020",2820,2814
"MED134_00015",5041,4780
"MED134_00010",1530,1273
"MED134_16483",19429,19759
"MED134_07406",19271,18637
"MED134_16485",6698,6924
"MED134_16486",3646,3691
"MED134_07421",61828,61500
"MED134_16490",422,421
"MED134_07431",3821,3803
"MED134_07436",15209,15101
"MED134_07441",5593,5545
"MED134_07446",7874,7855
"MED134_07451",2843,2713
"MED134_07456",2617,2491
"MED134_07461",1657,1526
"MED134_07466",3977,3908
"MED134_07471",1088,1058
"MED134_07476",2145,2083
"MED134_07481",327,303
"MED134_07486",1420,1383
"MED134_07491",1866,1783
"MED134_07496",977,926
"MED134_07501",1520,1460
"MED134_07506",8180,8156
"MED134_07511",107,96
"MED134_07516",795,788
"MED134_07521",3226,3033
"MED134_07526",4059,3953
"MED134_07531",3144,3089
"MED134_07536",15593,15523
"MED134_07541",13265,11710
"MED134_07546",28513,27522
"MED134_07551",525,378
"MED134_07556",26326,26244
"MED134_07561",23517,22553
"MED134_07566",1501,1469
"MED134_07571",2570,2408
"MED134_07576",2118,1981
"MED134_07581",1772,1666
"MED134_07586",6380,5969
"MED134_07591",6328,5322
"MED134_07596",16919,16287
"MED134_07601",8390,6989
"MED134_07606",16577,16509
"MED134_07611",1005,974
"MED134_07616",550,522
"MED134_07621",825,749
"MED134_07626",75,75
"MED134_07631",885,881
"MED134_07636",8512,8486
"MED134_07641",4633,4607
"MED134_07646",4054,4040
"MED134_07651",1279,1240
"MED134_07656",2061,1875
"MED134_07661",39271,39087
"MED134_07666",3023,3014
"MED134_07671",160,157
"MED134_07676",8024,7968
"MED134_07681",1595,1508
"MED134_07686",2994,2855
"MED134_07691",2056,1995
"MED134_07696",477,432
"MED134_16545",1587,117
"MED134_07706",16794,16750
"MED134_07711",28634,27681
"MED134_07716",2176,2031
"MED134_07721",1047,957
"MED134_07726",3110,3045
"MED134_07731",999,869
"MED134_07736",2831,2688
"MED134_07741",2184,1714
"MED134_07746",2584,2296
"MED134_07751",4830,4648
"MED134_07756",935,910
"MED134_07761",1215,1193
"MED134_07766",296,275
"MED134_07771",449,444
"MED134_07776",1971,1964
"MED134_07781",3365,3334
"MED134_07786",715,713
"MED134_07791",2940,2742
"MED134_07796",33600,33505
"MED134_07801",3729,3722
"MED134_07806",3797,3595
"MED134_07811",4210,3866
"MED134_07816",1487,1334
"MED134_07821",1954,1949
"MED134_07826",2255,2207
"MED134_07831",548,526
"MED134_07836",347,309
"MED134_07841",126,114
"MED134_07846",307,294
"MED134_07851",287,257
"MED134_07856",79,61
"MED134_07866",200,196
"MED134_07871",235,230
"MED134_07876",1084,938
"MED134_07881",1496,1389
"MED134_07886",871,785
"MED134_07891",840,813
"MED134_07896",549,507
"MED134_07901",846,779
"MED134_07906",224,200
"MED134_07911",634,595
"MED134_07916",1156,963
"MED134_07921",1105,953
"MED134_07926",392,386
"MED134_07931",719,683
"MED134_07936",657,584
"MED134_07941",85,77
"MED134_07946",1424,1396
"MED134_07951",381,381
"MED134_07956",157,138
"MED134_07961",1914,1852
"MED134_07966",943,925
"MED134_07971",179,160
"MED134_07976",300,287
"MED134_07981",480,471
"MED134_07986",945,902
"MED134_07991",754,731
"MED134_07996",2789,2534
"MED134_08001",1473,1406
"MED134_08006",10779,10659
"MED134_08011",7541,7373
"MED134_08016",1455,1202
"MED134_08021",2730,2653
"MED134_08026",964,849
"MED134_08031",2051,1957
"MED134_08036",3254,3250
"MED134_08041",217,203
"MED134_08046",189,151
"MED134_08051",97,94
"MED134_08056",6210,6194
"MED134_08061",37319,36499
"MED134_08066",20072,20020
"MED134_08071",13042,12343
"MED134_08076",11563,10426
"MED134_08081",1744,1531
"MED134_08086",2757,2615
"MED134_08091",1304,1251
"MED134_08096",7021,6969
"MED134_08101",2980,957
"MED134_08106",2803,2755
"MED134_08111",2487,2456
"MED134_16627",972,806
"MED134_08121",2025,1899
"MED134_08126",1976,1841
"MED134_08131",897,868
"MED134_08136",655,647
"MED134_08141",13928,13907
"MED134_08146",14187,14142
"MED134_08151",770,755
"MED134_08156",473,381
"MED134_08161",1703,1650
"MED134_08166",1132,1097
"MED134_08171",2538,2382
"MED134_08176",716,683
"MED134_08181",1635,1581
"MED134_08186",2890,2680
"MED134_08191",227,222
"MED134_08196",1373,1339
"MED134_08201",1223,1109
"MED134_08211",551,550
"MED134_08216",2779,2770
"MED134_08221",1281,1024
"MED134_08226",1269,1040
"MED134_08231",1554,1414
"MED134_08236",3299,3022
"MED134_08241",1091,1041
"MED134_08246",1646,1429
"MED134_08251",6969,6948
"MED134_08256",3646,3638
"MED134_08261",3726,3575
"MED134_08266",7246,6889
"MED134_08271",9261,8433
"MED134_08276",2476,2384
"MED134_08281",1470,1299
"MED134_08286",1574,1489
"MED134_08291",5719,5684
"MED134_08301",353,340
"MED134_08306",185,169
"MED134_08311",1342,1295
"MED134_08316",692,577
"MED134_08321",4250,4220
"MED134_08326",530,458
"MED134_08331",539,467
"MED134_08336",1331,1286
"MED134_08341",544,416
"MED134_08346",1036,910
"MED134_08351",649,627
"MED134_08356",1177,1144
"MED134_08361",4251,3984
"MED134_08366",2507,2347
"MED134_08371",1507,1229
"MED134_08376",2924,2740
"MED134_08381",4747,4597
"MED134_08386",3207,3164
"MED134_08391",2092,1967
"MED134_08396",2852,2666
"MED134_08401",29651,29551
"MED134_08406",16030,15415
"MED134_08411",606,601
"MED134_08416",495,451
"MED134_08426",1114,1077
"MED134_08431",1019,909
"MED134_08436",2528,2451
"MED134_08441",854,698
"MED134_16692",565,530
"MED134_08451",1160,1050
"MED134_08456",1998,1907
"MED134_08461",1851,1728
"MED134_08466",2457,2322
"MED134_08471",5753,4891
"MED134_08476",1030,964
"MED134_08481",3097,2915
"MED134_08486",24512,24247
"MED134_08491",19748,19064
"MED134_08496",265,245
"MED134_08501",215,188
"MED134_08506",158,150
"MED134_08511",121,101
"MED134_16706",67,56
"MED134_08521",109,97
"MED134_16708",99,86
"MED134_16709",436,427
"MED134_08536",1205,1169
"MED134_08541",1121,1031
"MED134_08546",315,303
"MED134_08556",62,45
"MED134_08561",529,513
"MED134_08566",531,511
"MED134_08571",970,957
"MED134_08576",1036,1024
"MED134_08581",2130,1978
"MED134_08586",2794,2753
"MED134_08591",2638,2487
"MED134_08596",6080,5996
"MED134_08601",728,716
"MED134_08606",1121,1066
"MED134_08611",1180,1096
"MED134_08616",503,498
"MED134_08621",288,278
"MED134_08626",436,417
"MED134_08631",52,52
"MED134_08636",264,243
"MED134_08641",198,138
"MED134_08646",2692,2630
"MED134_08651",107,96
"MED134_08656",148,148
"MED134_08661",114,102
"MED134_08666",620,611
"MED134_08671",467,458
"MED134_08676",969,928
"MED134_08681",1235,1146
"MED134_08686",702,683
"MED134_08691",1170,1010
"MED134_08701",7569,7551
"MED134_08706",632,631
"MED134_08711",1174,1169
"MED134_08716",1048,1026
"MED134_08721",4576,4550
"MED134_08726",696,692
"MED134_08736",3270,3262
"MED134_08741",2194,1884
"MED134_08746",1157,1004
"MED134_08751",181,181
"MED134_08756",4097,4086
"MED134_08761",645,635
"MED134_08766",459,410
"MED134_08771",3831,3749
"MED134_08776",781,723
"MED134_08781",5146,4922
"MED134_08786",1730,1658
"MED134_08791",641,559
"MED134_08796",1698,1635
"MED134_08801",537,527
"MED134_08806",646,571
"MED134_08811",845,752
"MED134_08816",1211,1168
"MED134_08821",1751,1733
"MED134_08826",2863,2644
"MED134_08831",941,873
"MED134_08836",5221,5036
"MED134_08841",2044,1963
"MED134_08846",184,175
"MED134_08851",644,620
"MED134_08856",629,562
"MED134_08861",417,400
"MED134_08866",111,106
"MED134_08871",62580,62443
"MED134_08876",5546,5498
"MED134_08881",1574,1560
"MED134_08886",2789,2622
"MED134_08891",4467,4232
"MED134_08896",5895,5875
"MED134_08901",2007,1750
"MED134_08906",7138,6770
"MED134_08911",2774,2681
"MED134_08916",9299,9268
"MED134_08921",6214,5743
"MED134_08926",6377,6220
"MED134_08931",1140,1132
"MED134_08936",5741,5579
"MED134_08941",3202,2955
"MED134_08946",1867,1792
"MED134_08951",918,882
"MED134_08956",2693,2634
"MED134_08961",3294,3117
"MED134_08966",2803,2512
"MED134_08971",1498,1481
"MED134_08976",650,646
"MED134_08981",14437,13879
"MED134_08986",4243,4168
"MED134_08991",2002,1981
"MED134_08996",1607,1477
"MED134_09001",3394,3303
"MED134_09006",7330,7040
"MED134_09011",755,708
"MED134_09016",2375,2177
"MED134_09021",2933,2711
"MED134_09026",1505,1338
"MED134_09031",2185,2080
"MED134_09036",1925,1848
"MED134_09041",1011,843
"MED134_09046",14787,14723
"MED134_09051",4231,3211
"MED134_09056",2068,2001
"MED134_09061",1229,1197
"MED134_09066",44553,44400
"MED134_09071",24061,16903
"MED134_09076",1274,1148
"MED134_09081",851,808
"MED134_09091",10809,10619
"MED134_09096",7500,7194
"MED134_09101",12521,12494
"MED134_09106",2727,2664
"MED134_09111",4292,4122
"MED134_09116",121055,120733
"MED134_09121",1787,1777
"MED134_09126",3610,3558
"MED134_09131",366,332
"MED134_09141",1382,1358
"MED134_09146",3790,3686
"MED134_09151",2696,2499
"MED134_09156",6643,6568
"MED134_09161",3198,3180
"MED134_09166",187,177
"MED134_09171",130,122
"MED134_09176",110,98
"MED134_09186",717,667
"MED134_09191",2361,2274
"MED134_09196",913,854
"MED134_09201",725,712
"MED134_09206",1533,1454
"MED134_09211",2658,2355
"MED134_09221",12720,12488
"MED134_09231",1347,1336
"MED134_09236",1337,1308
"MED134_09241",1173,1101
"MED134_09246",535,356
"MED134_09251",9479,9430
"MED134_09256",439,410
"MED134_09261",397,351
"MED134_09266",312,311
"MED134_09271",4426,4416
"MED134_09276",553,523
"MED134_09281",6598,6579
"MED134_09286",360,350
"MED134_09291",3456,3308
"MED134_09296",962,873
"MED134_09301",3495,3347
"MED134_09306",948,933
"MED134_09311",4466,4457
"MED134_09316",1535,1503
"MED134_09321",11048,11005
"MED134_09326",2045,1895
"MED134_09331",901,715
"MED134_09336",2498,2490
"MED134_09341",5557,5530
"MED134_09346",1476,1373
"MED134_09351",1667,1613
"MED134_09356",17681,16803
"MED134_09361",6874,6583
"MED134_09366",4949,4720
"MED134_09371",2194,2121
"MED134_09376",694,673
"MED134_09381",547,512
"MED134_09386",655,611
"MED134_09391",500,467
"MED134_09396",397,368
"MED134_09401",605,506
"MED134_09406",570,546
"MED134_09411",526,492
"MED134_09416",2950,2896
"MED134_09421",1778,1643
"MED134_09426",882,846
"MED134_09431",423,406
"MED134_09436",1657,1601
"MED134_09441",7670,7576
"MED134_09446",8056,7970
"MED134_09456",1042,879
"MED134_09461",671,631
"MED134_09466",1184,982
"MED134_09471",2350,2193
"MED134_09476",880,840
"MED134_09481",1819,1799
"MED134_09486",204,195
"MED134_09491",149,126
"MED134_09496",3178,3161
"MED134_09501",3752,3402
"MED134_09506",3918,3745
"MED134_09511",7230,6733
"MED134_09516",2953,2730
"MED134_09521",615,592
"MED134_09526",247,231
"MED134_09531",13863,13369
"MED134_09536",11158,9553
"MED134_09541",9191,8071
"MED134_09546",9003,7657
"MED134_09551",38823,36811
"MED134_09556",11092,11046
"MED134_09561",1779,1762
"MED134_09566",1829,1823
"MED134_09571",778,716
"MED134_09576",1133,1054
"MED134_09581",1335,1200
"MED134_09586",3400,3310
"MED134_09591",2281,2202
"MED134_09596",1084,1012
"MED134_09601",882,859
"MED134_09606",93,89
"MED134_09611",204,202
"MED134_09616",2307,2303
"MED134_09621",11424,11237
"MED134_09626",731,702
"MED134_09631",432,428
"MED134_09636",4743,4728
"MED134_09641",313,298
"MED134_09646",1583,1543
"MED134_09651",1371,1197
"MED134_09656",3721,3461
"MED134_09661",6199,5715
"MED134_09666",1437,1252
"MED134_09671",3999,3671
"MED134_09676",3622,3412
"MED134_09681",5089,4729
"MED134_09686",2607,2360
"MED134_09691",7601,6990
"MED134_09696",8158,7792
"MED134_09701",7158,6696
"MED134_09706",43298,42017
"MED134_09711",16534,16317
"MED134_09716",3403,3306
"MED134_09721",3385,3047
"MED134_09726",1860,1585
"MED134_09731",3596,3248
"MED134_09736",2260,2182
"MED134_09741",825,788
"MED134_09746",621,594
"MED134_09751",693,673
"MED134_09756",602,592
"MED134_09761",125,112
"MED134_09766",10321,10274
"MED134_09771",1186,1064
"MED134_09776",13,12
"MED134_09781",2653,2553
"MED134_09786",874,854
"MED134_09791",127,127
"MED134_09796",189,189
"MED134_09801",353,332
"MED134_09806",416,414
"MED134_09811",10388,10355
"MED134_09816",2067,2054
"MED134_09821",16511,16422
"MED134_09826",2851,2672
"MED134_09831",887,777
"MED134_09836",800,745
"MED134_09841",355,340
"MED134_09846",2365,2278
"MED134_09851",880,875
"MED134_09856",8475,8450
"MED134_09861",11354,11299
"MED134_09866",1676,1610
"MED134_09871",1467,1317
"MED134_09876",3585,3462
"MED134_09886",893,886
"MED134_09891",4445,4404
"MED134_09896",1075,1028
"MED134_09901",2225,2163
"MED134_09906",730,718
"MED134_09911",2159,2149
"MED134_09916",1346,1265
"MED134_09921",1822,1557
"MED134_09926",2636,2455
"MED134_09931",2422,2231
"MED134_09936",29048,28976
"MED134_09941",1592,1572
"MED134_09946",9329,8794
"MED134_09951",47075,46891
"MED134_09956",2168,2128
"MED134_09961",515,397
"MED134_09966",3931,3871
"MED134_09971",1564,1518
"MED134_09976",555,504
"MED134_09981",2361,2200
"MED134_09986",4741,4416
"MED134_09991",2909,2878
"MED134_09996",8110,8078
"MED134_10001",4213,4187
"MED134_10006",782,739
"MED134_10011",328,328
"MED134_10016",5615,5481
"MED134_10021",2197,2031
"MED134_10026",1790,1699
"MED134_10031",2567,2387
"MED134_10036",11464,10855
"MED134_10041",1247,1167
"MED134_10046",529,488
"MED134_10051",3665,3651
"MED134_10056",13774,13448
"MED134_10061",29418,27814
"MED134_10066",7181,6269
"MED134_10071",623,530
"MED134_10076",1659,1613
"MED134_10081",496,423
"MED134_10086",761,701
"MED134_10091",959,928
"MED134_10096",1898,1753
"MED134_10101",2527,2453
"MED134_10106",4294,3990
"MED134_10111",2279,2169
"MED134_10116",1747,1618
"MED134_10121",1176,1128
"MED134_10126",437,403
"MED134_10131",1516,1422
"MED134_10136",689,633
"MED134_10141",400,380
"MED134_10146",1648,1631
"MED134_10151",3089,2856
"MED134_10156",1537,1513
"MED134_10161",1675,1665
"MED134_10166",8418,8387
"MED134_10171",565,538
"MED134_10176",1494,1353
"MED134_10181",904,550
"MED134_10186",1297,1153
"MED134_10191",866,791
"MED134_10196",1314,1310
"MED134_10201",127,118
"MED134_10206",114,108
"MED134_10211",123,113
"MED134_10216",45,41
"MED134_10221",159,129
"MED134_10226",170,167
"MED134_10231",2088,2082
"MED134_10236",920,876
"MED134_10246",402,335
"MED134_10251",353,347
"MED134_10256",1260,1223
"MED134_10261",5554,5260
"MED134_10266",8103,7886
"MED134_10271",1399,1348
"MED134_10276",568,548
"MED134_10281",445,401
"MED134_10286",8864,8738
"MED134_10291",1252,1149
"MED134_10296",13800,13765
"MED134_10301",1650,1644
"MED134_10306",1537,1531
"MED134_10311",11104,11075
"MED134_10316",807,801
"MED134_10321",3168,2985
"MED134_10326",732,357
"MED134_10331",2874,2858
"MED134_10336",1184,1168
"MED134_10341",393,370
"MED134_10346",1436,1385
"MED134_10351",3584,3445
"MED134_10356",2569,2549
"MED134_10361",1684,1635
"MED134_10366",1407,1364
"MED134_10371",49227,45718
"MED134_10376",33556,33466
"MED134_10381",793,760
"MED134_10386",443,436
"MED134_10396",1411,1360
"MED134_10401",564,545
"MED134_10406",1347,1266
"MED134_10411",1494,1358
"MED134_10416",1344,1309
"MED134_17085",428,332
"MED134_10426",1485,1420
"MED134_10431",922,880
"MED134_10436",660,625
"MED134_10446",4871,4793
"MED134_10451",1152,944
"MED134_10456",1192,1107
"MED134_10461",4852,4801
"MED134_10485",49688,49330
"MED134_10490",2691,2482
"MED134_10495",7046,7021
"MED134_10500",236,233
"MED134_10505",425,402
"MED134_10510",792,758
"MED134_10515",621,616
"MED134_10520",547,518
"MED134_10525",990,947
"MED134_10530",539,519
"MED134_10535",359,330
"MED134_10540",1714,1558
"MED134_10545",1171,1128
"MED134_10550",1192,1117
"MED134_10555",588,518
"MED134_10560",555,516
"MED134_10565",401,350
"MED134_10570",253,204
"MED134_10575",337,302
"MED134_10580",1402,1320
"MED134_10585",581,565
"MED134_10590",359,327
"MED134_10595",188,182
"MED134_10600",773,760
"MED134_10605",926,905
"MED134_10610",277,240
"MED134_10615",4279,4266
"MED134_10620",328,320
"MED134_10625",546,488
"MED134_10630",541,490
"MED134_10635",469,453
"MED134_10640",760,711
"MED134_10645",383,282
"MED134_10650",138,125
"MED134_10655",240,233
"MED134_10660",430,422
"MED134_10665",126,112
"MED134_10670",198,188
"MED134_10675",145,137
"MED134_10680",346,339
"MED134_10685",143,127
"MED134_10690",505,447
"MED134_10695",561,465
"MED134_10700",777,774
"MED134_10705",76,73
"MED134_10710",75,70
"MED134_10715",44,41
"MED134_17141",46,44
"MED134_10725",75,68
"MED134_10730",82,81
"MED134_10735",748,623
"MED134_10740",863,821
"MED134_10745",811,770
"MED134_10750",3600,3517
"MED134_10755",2072,1879
"MED134_10760",1677,1637
"MED134_10765",5982,5602
"MED134_10770",5469,5058
"MED134_10775",13198,12961
"MED134_10780",1173,1142
"MED134_10785",996,892
"MED134_10790",2527,2343
"MED134_10795",4409,4085
"MED134_10800",5054,4813
"MED134_10805",10359,10082
"MED134_10810",7143,6880
"MED134_10815",109137,108848
"MED134_10820",169187,165309
"MED134_10825",1081,1027
"MED134_10830",506,482
"MED134_10835",495,476
"MED134_10840",3575,3428
"MED134_10845",12641,12369
"MED134_10850",1789,1773
"MED134_10855",57917,57686
"MED134_10860",1316,1083
"MED134_10865",13396,13179
"MED134_10870",1925,1922
"MED134_10875",9779,9729
"MED134_10880",1888,734
"MED134_10885",1522,1235
"MED134_10890",4620,4429
"MED134_10895",1128,1109
"MED134_10900",1751,1724
"MED134_10905",9680,9609
"MED134_10910",541,536
"MED134_10915",1774,1725
"MED134_10920",6236,6222
"MED134_10925",3813,3630
"MED134_10930",1359,1312
"MED134_10935",441,432
"MED134_10945",2880,2827
"MED134_10950",1949,1828
"MED134_10955",439,416
"MED134_10960",5113,4813
"MED134_10965",980,826
"MED134_10970",3641,3513
"MED134_10975",1247,1168
"MED134_10980",1075,1050
"MED134_10985",118,94
"MED134_10990",3694,3679
"MED134_10995",1499,1463
"MED134_11000",1344,1228
"MED134_11005",1666,1410
"MED134_11010",1649,1423
"MED134_11015",1212,1136
"MED134_11020",1501,1194
"MED134_11025",4722,4517
"MED134_11030",12460,12420
"MED134_11035",11908,11172
"MED134_11040",4490,3224
"MED134_11045",7487,7232
"MED134_11050",17435,16884
"MED134_11055",3641,2441
"MED134_11060",1391,1239
"MED134_11065",2111,1995
"MED134_11070",813,793
"MED134_11075",600,594
"MED134_11080",386,380
"MED134_11085",566,550
"MED134_11090",454,405
"MED134_11095",967,934
"MED134_11100",980,921
"MED134_11105",1166,1079
"MED134_11110",12662,12460
"MED134_17221",12553,11728
"MED134_11120",639,604
"MED134_11125",978,954
"MED134_11130",1062,991
"MED134_11135",127,127
"MED134_11140",4779,4761
"MED134_11145",3804,3788
"MED134_11150",11597,9722
"MED134_11155",40752,39441
"MED134_11160",21516,21457
"MED134_11165",16261,15662
"MED134_11170",32958,32872
"MED134_11175",104,93
"MED134_11180",6631,6613
"MED134_11185",3934,3919
"MED134_11190",838,835
"MED134_11195",500,486
"MED134_11200",1578,1530
"MED134_11205",26295,26206
"MED134_11210",2316,2301
"MED134_11215",806,775
"MED134_11220",277,263
"MED134_11225",241,230
"MED134_11230",1010,947
"MED134_11235",156,152
"MED134_11240",4074,3448
"MED134_11245",3334,3176
"MED134_11250",1038,993
"MED134_11255",692,672
"MED134_17250",371,359
"MED134_11281",1713,1644
"MED134_11286",1965,1916
"MED134_11291",1276,842
"MED134_11296",416,408
"MED134_11301",431,383
"MED134_11306",863,846
"MED134_11311",1685,1639
"MED134_11316",2192,2084
"MED134_11321",1116,1056
"MED134_11326",1699,1689
"MED134_11331",10187,9951
"MED134_11336",157,154
"MED134_11341",186,176
"MED134_11346",5713,5126
"MED134_11351",11491,10849
"MED134_11356",39516,39380
"MED134_11361",1465,1438
"MED134_11366",23378,22478
"MED134_11371",83591,82030
"MED134_11376",37796,36424
"MED134_11381",13026,11997
"MED134_11386",18588,17308
"MED134_11401",25771,24226
"MED134_11406",42014,41903
"MED134_11411",2324,2232
"MED134_11416",2439,2375
"MED134_11421",696,673
"MED134_11426",3468,3097
"MED134_11431",1416,1257
"MED134_11436",1772,1684
"MED134_11441",1123,1065
"MED134_11446",7430,7411
"MED134_11451",2789,2568
"MED134_11456",16774,16630
"MED134_11461",5651,5465
"MED134_11466",2958,2840
"MED134_11471",22134,22060
"MED134_11476",3354,3162
"MED134_11481",2962,2829
"MED134_11486",691,674
"MED134_11491",509,485
"MED134_11496",930,824
"MED134_11501",4838,4595
"MED134_11506",1935,1645
"MED134_11511",14760,13362
"MED134_11516",14408,14360
"MED134_11521",2021,1911
"MED134_11526",1533,1452
"MED134_11531",1487,1355
"MED134_11536",423,345
"MED134_11541",1304,1299
"MED134_11546",884,877
"MED134_11551",204,175
"MED134_11556",1589,1446
"MED134_11561",1758,1654
"MED134_11566",1362,1320
"MED134_11571",1366,1313
"MED134_11576",8712,8024
"MED134_11581",10494,10193
"MED134_11586",1737,1732
"MED134_11591",1168,1163
"MED134_11596",503,498
"MED134_11601",2624,2526
"MED134_11606",1077,1062
"MED134_11611",583,577
"MED134_11616",2023,1914
"MED134_11621",2838,2169
"MED134_17321",354,300
"MED134_11626",952,866
"MED134_11631",2865,2744
"MED134_11636",15655,15189
"MED134_11641",2490,2456
"MED134_11646",493,462
"MED134_11651",3017,2916
"MED134_11656",45,45
"MED134_11661",804,797
"MED134_11666",1750,1600
"MED134_11671",2190,2073
"MED134_11676",607,543
"MED134_11681",1267,1177
"MED134_11686",618,505
"MED134_11691",1356,1247
"MED134_11696",1337,1272
"MED134_11701",314,270
"MED134_11706",1413,1354
"MED134_11711",649,573
"MED134_11716",2365,2284
"MED134_11721",1868,1764
"MED134_11726",375,341
"MED134_11731",620,579
"MED134_11736",574,520
"MED134_11741",403,396
"MED134_11746",231,212
"MED134_11751",503,500
"MED134_11756",1258,1257
"MED134_11761",2002,1761
"MED134_11771",390,323
"MED134_11776",578,422
"MED134_11781",1233,1074
"MED134_11786",3873,3784
"MED134_11791",697,694
"MED134_11796",9672,9637
"MED134_11801",226,224
"MED134_11806",116,116
"MED134_11811",26,24
"MED134_11816",585,556
"MED134_11821",366,351
"MED134_11826",242,225
"MED134_11831",309,270
"MED134_11836",16201,16147
"MED134_17364",459,308
"MED134_11846",1216,1192
"MED134_11851",1323,1294
"MED134_11856",1924,1862
"MED134_11861",360,345
"MED134_11866",2552,2496
"MED134_11871",939,870
"MED134_11876",520,446
"MED134_11881",1510,1402
"MED134_11886",10824,9191
"MED134_11891",6932,6440
"MED134_11896",7204,7174
"MED134_11906",1735,1577
"MED134_11911",1898,1762
"MED134_11916",1417,1310
"MED134_11921",1155,1113
"MED134_11926",1937,1847
"MED134_11931",1583,1460
"MED134_11936",1339,1149
"MED134_11941",1499,1402
"MED134_11946",2353,2252
"MED134_11951",521,474
"MED134_11956",2261,2247
"MED134_11961",7899,7650
"MED134_11966",4252,3864
"MED134_11971",13799,13190
"MED134_11976",14819,13583
"MED134_11981",2520,2408
"MED134_11986",1194,1068
"MED134_11991",2874,2826
"MED134_11996",5616,5256
"MED134_12001",978,952
"MED134_12006",1984,1920
"MED134_12011",3131,3029
"MED134_12016",849,602
"MED134_12021",376,338
"MED134_12026",2765,2653
"MED134_12031",5617,5282
"MED134_12036",1257,1233
"MED134_12041",2129,2097
"MED134_12046",29241,29127
"MED134_12051",3448,3396
"MED134_12056",6523,6294
"MED134_12061",1877,1848
"MED134_12066",14194,12924
"MED134_12071",24463,24385
"MED134_12076",2024,1803
"MED134_12081",1466,1371
"MED134_12086",1193,1000
"MED134_12091",2503,2373
"MED134_12096",2141,1993
"MED134_12101",666,639
"MED134_12106",2123,2090
"MED134_12111",1643,1379
"MED134_12116",2066,2013
"MED134_12121",599,582
"MED134_12126",1937,1866
"MED134_12131",5418,4974
"MED134_12136",21315,21257
"MED134_12141",780,770
"MED134_12146",776,694
"MED134_12151",1303,1112
"MED134_12156",39,37
"MED134_12161",87,83
"MED134_17434",16,11
"MED134_12166",655,651
"MED134_12171",489,487
"MED134_12176",3850,3806
"MED134_12181",1722,1653
"MED134_12186",4393,4098
"MED134_12191",7788,7420
"MED134_12196",5115,5081
"MED134_12201",335,325
"MED134_12206",1260,1222
"MED134_12211",437,428
"MED134_12216",730,679
"MED134_12221",732,634
"MED134_12226",1206,1123
"MED134_12231",604,542
"MED134_12236",657,616
"MED134_12241",491,437
"MED134_12246",8605,8537
"MED134_12251",702,699
"MED134_12256",400,310
"MED134_12261",927,851
"MED134_12266",911,796
"MED134_12271",19866,19801
"MED134_12276",1215,962
"MED134_12281",519,408
"MED134_12286",782,736
"MED134_12291",1344,1294
"MED134_12296",1430,1231
"MED134_12301",636,176
"MED134_12306",2629,2416
"MED134_12311",2006,1850
"MED134_12316",1482,1400
"MED134_17467",1273,1025
"MED134_12341",2130,2006
"MED134_12346",4415,4334
"MED134_12351",2214,2193
"MED134_12356",2707,2657
"MED134_12361",4752,4485
"MED134_12366",2977,2546
"MED134_12371",142288,141675
"MED134_12376",202524,194909
"MED134_12381",365105,360538
"MED134_12386",615,609
"MED134_12391",36092,33576
"MED134_12396",35933,31544
"MED134_12401",103722,100550
"MED134_12406",16718,11683
"MED134_12411",24475,21162
"MED134_12416",35684,31416
"MED134_12421",26457,21372
"MED134_12426",45393,42199
"MED134_12431",20347,18020
"MED134_12436",23799,17827
"MED134_12441",44194,41422
"MED134_12446",29339,26844
"MED134_12451",16658,13235
"MED134_12456",24568,18446
"MED134_12461",30039,26121
"MED134_12466",24016,21646
"MED134_12471",29289,26856
"MED134_12476",14384,12021
"MED134_12481",21084,17055
"MED134_12486",26460,23526
"MED134_12491",15015,11056
"MED134_12496",22882,21264
"MED134_12501",7837,6129
"MED134_12506",15840,13178
"MED134_12511",39584,37469
"MED134_12516",13825,9892
"MED134_12526",31824,28299
"MED134_12531",22511,18420
"MED134_12536",44225,41116
"MED134_12541",53578,49500
"MED134_12546",26763,26530
"MED134_12551",3089,3072
"MED134_12556",9451,9353
"MED134_12561",15289,15251
"MED134_12576",19868,19822
"MED134_12581",446,427
"MED134_12586",3483,3426
"MED134_12591",2089,2078
"MED134_12596",3252,3056
"MED134_12601",5887,5661
"MED134_12606",136,100
"MED134_12611",441,438
"MED134_12616",10981,10868
"MED134_12621",19193,19081
"MED134_12626",897,880
"MED134_12631",167,157
"MED134_12636",192,178
"MED134_12641",129,124
"MED134_12646",6056,5983
"MED134_12651",5915,5860
"MED134_12656",3599,3432
"MED134_12661",1141,821
"MED134_12666",3392,3167
"MED134_12671",1623,1502
"MED134_12676",2274,2133
"MED134_12681",17615,17341
"MED134_12686",1976,1528
"MED134_12691",2200,2082
"MED134_12696",725,609
"MED134_12701",2648,2540
"MED134_12706",2688,2623
"MED134_12711",1504,1398
"MED134_12716",2745,2682
"MED134_12721",1927,1834
"MED134_12726",1526,1430
"MED134_12731",2381,2317
"MED134_12736",2472,2161
"MED134_12741",3640,3469
"MED134_12746",7362,7327
"MED134_12751",2446,2429
"MED134_12756",1539,1505
"MED134_12761",283,254
"MED134_12766",366,361
"MED134_12771",1513,1486
"MED134_12776",232,208
"MED134_12781",96,73
"MED134_12786",162,157
"MED134_12791",606,604
"MED134_12796",2987,2932
"MED134_12801",447,240
"MED134_12806",484,462
"MED134_12811",831,811
"MED134_12816",1232,1201
"MED134_12821",1636,1494
"MED134_12826",33,27
"MED134_12831",6084,5882
"MED134_12836",2381,2334
"MED134_12841",91,89
"MED134_12846",82,78
"MED134_12851",89,79
"MED134_12856",447,425
"MED134_12861",1245,1240
"MED134_12866",1276,1269
"MED134_12871",7193,7029
"MED134_12876",1940,1697
"MED134_12881",1044,1031
"MED134_12886",1907,1892
"MED134_12891",1252,1208
"MED134_12896",2096,1970
"MED134_12901",406,374
"MED134_12906",632,558
"MED134_12911",1624,1602
"MED134_12916",1116,974
"MED134_12921",638,586
"MED134_12926",2333,2202
"MED134_12931",1143,1090
"MED134_12936",2515,2403
"MED134_12941",1529,1522
"MED134_12946",448,435
"MED134_12951",2180,2053
"MED134_12956",28718,28644
"MED134_12961",4395,3693
"MED134_12966",857,793
"MED134_12971",11414,11374
"MED134_12976",680,660
"MED134_12981",21449,21391
"MED134_12986",3206,3098
"MED134_12991",3922,3767
"MED134_12996",4549,4409
"MED134_13001",508,496
"MED134_13006",254,242
"MED134_13011",4963,4948
"MED134_13016",1190,1139
"MED134_13021",4608,4602
"MED134_13026",2013,1987
"MED134_13031",675,625
"MED134_13036",444,317
"MED134_13041",634,595
"MED134_13046",1856,1774
"MED134_13051",1585,1540
"MED134_13056",1085,1035
"MED134_13061",751,636
"MED134_13066",752,747
"MED134_13071",965,924
"MED134_13076",1090,1006
"MED134_13081",898,824
"MED134_13086",1968,1843
"MED134_13091",3357,3210
"MED134_13096",867,694
"MED134_13101",10210,10163
"MED134_13106",1843,1820
"MED134_13111",9057,8952
"MED134_13116",8844,7871
"MED134_13121",3098,3082
"MED134_13126",3410,2572
"MED134_13131",3205,3026
"MED134_13136",3004,2896
"MED134_13151",547,543
"MED134_13156",313,300
"MED134_13161",112,95
"MED134_13166",555,527
"MED134_13176",1830,1694
"MED134_13181",351,327
"MED134_13186",2400,2398
"MED134_13191",2149,1959
"MED134_13196",2019,1899
"MED134_13201",1232,1228
"MED134_13206",911,910
"MED134_13211",1507,1316
"MED134_13216",2628,2588
"MED134_13221",826,747
"MED134_13226",833,698
"MED134_13231",1270,1124
"MED134_13236",1897,1785
"MED134_13241",951,863
"MED134_13251",1010,896
"MED134_13256",3452,3373
"MED134_13261",1024,1008
"MED134_13266",361,191
"MED134_13271",1134,1017
"MED134_13276",883,856
"MED134_13281",1331,1114
"MED134_13286",1100,1098
"MED134_13291",62,62
"MED134_13296",50,49
"MED134_13301",442,423
"MED134_13306",3485,3389
"MED134_13311",2122,2081
"MED134_13316",320,289
"MED134_13321",409,382
"MED134_13326",306,283
"MED134_13331",210,188
"MED134_13336",288,269
"MED134_13341",254,249
"MED134_13346",248,230
"MED134_13351",220,210
"MED134_13356",581,556
"MED134_13361",760,714
"MED134_13366",2308,2169
"MED134_13371",211,211
"MED134_13376",861,843
"MED134_13381",2556,2542
"MED134_13386",2663,2580
"MED134_13391",3066,3050
"MED134_13396",10183,10158
"MED134_13401",2106,1950
"MED134_13406",1695,1617
"MED134_13411",2446,2338
"MED134_13416",1891,1790
"MED134_13421",1186,1058
"MED134_13426",1398,1262
"MED134_13431",3086,2887
"MED134_13436",2183,1981
"MED134_13441",3194,3169
"MED134_13446",177,165
"MED134_13451",1607,1505
"MED134_13456",1236,1092
"MED134_13461",1639,1552
"MED134_13466",442,414
"MED134_13471",1297,1264
"MED134_13476",1113,1085
"MED134_13486",402,374
"MED134_13491",202,187
"MED134_13496",231,225
"MED134_13501",746,692
"MED134_13506",754,719
"MED134_13511",22526,22427
"MED134_13516",4839,4645
"MED134_13521",1509,1299
"MED134_13526",964,704
"MED134_13531",4113,4096
"MED134_13536",724,692
"MED134_13541",5261,5045
"MED134_13546",3623,3150
"MED134_13551",8940,8793
"MED134_13556",2241,2047
"MED134_13561",1778,1579
"MED134_13566",2132,1947
"MED134_13571",1455,1305
"MED134_13576",1550,1450
"MED134_13581",1287,1161
"MED134_13586",988,912
"MED134_13591",1010,995
"MED134_13596",914,811
"MED134_13601",874,842
"MED134_13606",812,785
"MED134_13611",348,307
"MED134_13616",508,470
"MED134_13621",718,690
"MED134_13626",4649,4481
"MED134_13631",3160,2996
"MED134_13636",3455,3155
"MED134_13641",2398,2312
"MED134_13646",1477,1449
"MED134_13651",610,569
"MED134_13656",710,653
"MED134_13661",453,404
"MED134_13666",618,533
"MED134_13671",965,939
"MED134_13676",850,810
"MED134_13681",435,428
"MED134_13686",1074,1043
"MED134_13691",2166,2091
"MED134_13696",79,79
"MED134_13701",19747,19708
"MED134_13706",2193,1860
"MED134_13711",2314,2168
"MED134_13716",1234,1023
"MED134_13721",930,884
"MED134_13726",7270,7202
"MED134_13731",860,844
"MED134_13736",2948,2836
"MED134_13741",1215,1161
"MED134_13746",983,949
"MED134_13761",26574,26634
"MED134_13766",1558,1541
"MED134_13771",1201,1047
"MED134_13776",3005,2997
"MED134_13781",6552,6523
"MED134_13786",2179,1947
"MED134_13791",3434,3196
"MED134_13796",8022,8007
"MED134_13806",26324,26251
"MED134_13811",873,867
"MED134_13816",535,447
"MED134_13821",1180,1107
"MED134_13826",893,852
"MED134_13831",495,432
"MED134_13836",546,508
"MED134_13841",714,698
"MED134_13846",1029,957
"MED134_13851",547,516
"MED134_13856",858,822
"MED134_13866",1196,1145
"MED134_13871",1850,1682
"MED134_17770",3434,3398
"MED134_13886",2465,2415
"MED134_13891",2917,2698
"MED134_13896",1200,1169
"MED134_13901",27,23
"MED134_13906",4111,3810
"MED134_13911",1182,1068
"MED134_13916",1450,1375
"MED134_13921",427,355
"MED134_13926",368,367
"MED134_13931",324,312
"MED134_13936",522,514
"MED134_13941",172,172
"MED134_13946",10743,10707
"MED134_13951",367,348
"MED134_13956",485,464
"MED134_13961",1591,1459
"MED134_13966",4930,4740
"MED134_13971",1479,1414
"MED134_13976",1612,1586
"MED134_13981",3448,2974
"MED134_13986",2624,2594
"MED134_13991",2633,2586
"MED134_13996",19900,19829
"MED134_14001",4622,4609
"MED134_14006",1785,1742
"MED134_14011",3251,3179
"MED134_14016",3989,3974
"MED134_14021",410,408
"MED134_14026",888,876
"MED134_14031",370,335
"MED134_14036",830,811
"MED134_14041",1362,1329
"MED134_14046",8352,8330
"MED134_14051",727,652
"MED134_14056",605,568
"MED134_14061",1222,1041
"MED134_14066",4180,3993
"MED134_14071",1631,1564
"MED134_14076",1041,883
"MED134_14081",2970,2843
"MED134_14086",411,202
"MED134_14091",9342,9312
"MED134_14096",4444,4432
"MED134_17819",780,358
"MED134_14106",1081,1048
"MED134_14111",3030,2838
"MED134_14116",3261,3132
"MED134_14121",4363,4299
"MED134_14126",1571,1399
"MED134_14131",1036,997
"MED134_14136",2023,1942
"MED134_14141",18895,18829
"MED134_14146",24437,24316
"MED134_14151",18201,16296
"MED134_14156",16410,15737
"MED134_14161",1883,1765
"MED134_14166",2464,2451
"MED134_14171",1062,1010
"MED134_14176",3566,3398
"MED134_14181",1896,1868
"MED134_14186",88868,88571
"MED134_14191",1396,1285
"MED134_14196",1388,1223
"MED134_14201",1216,1141
"MED134_14206",726,644
"MED134_14211",5275,4537
"MED134_14216",7477,7449
"MED134_14221",1134,1109
"MED134_14226",7543,7395
"MED134_14231",6624,6279
"MED134_14236",3161,3068
"MED134_14241",2606,2507
"MED134_14246",475,433
"MED134_14251",417,389
"MED134_14256",2604,2526
"MED134_14266",487,473
"MED134_14271",127,122
"MED134_14276",94,82
"MED134_14281",73,72
"MED134_14286",348,332
"MED134_14291",5499,5487
"MED134_14296",13395,13353
"MED134_14301",194,191
"MED134_14306",186,175
"MED134_14311",1159,1041
"MED134_14316",2819,2501
"MED134_14321",4661,4643
"MED134_14326",1920,1911
"MED134_14331",2093,1977
"MED134_14336",1447,1430
"MED134_14341",5314,4966
"MED134_14346",1754,1538
"MED134_14351",950,949
"MED134_14356",4628,4617
"MED134_14361",2323,2220
"MED134_14366",1209,1035
"MED134_14371",1568,1462
"MED134_14376",967,932
"MED134_14381",3233,3223
"MED134_14386",2301,2288
"MED134_14391",1628,1594
"MED134_14396",930,817
"MED134_14401",2171,2167
"MED134_14406",678,675
"MED134_14411",16445,16410
"MED134_14416",245,244
"MED134_14421",7783,7480
"MED134_14426",7932,7901
"MED134_14431",1125,995
"MED134_14436",803,633
"MED134_14441",1263,1130
"MED134_14446",1531,1522
"MED134_14451",3784,3641
"MED134_14456",2281,2186
"MED134_14461",85014,84780
"MED134_14466",2393,2230
"MED134_14471",2304,2260
"MED134_14476",8156,8138
"MED134_17896",12370,12348
"MED134_14497",155,154
"MED134_14502",1492,1472
"MED134_14507",5226,4718
"MED134_14517",10144,10019
"MED134_14522",2274,2102
"MED134_14527",3852,3802
"MED134_14532",1225,1220
"MED134_14537",141,137
"MED134_14542",478,474
"MED134_14547",251,247
"MED134_14552",630,598
"MED134_14557",741,635
"MED134_14562",499,489
"MED134_14567",1192,1142
"MED134_14572",807,763
"MED134_14577",49,40
"MED134_14582",167,164
"MED134_14587",273,260
"MED134_14592",15,15
"MED134_14597",237,224
"MED134_14602",183,176
"MED134_14607",1222,1208
"MED134_14612",2255,1860
"MED134_14617",150,128
"MED134_14622",123,104
"MED134_14627",341,321
"MED134_14632",561,530
"MED134_14637",264,221
"MED134_14642",55,51
"MED134_14647",162,154
"MED134_14652",450,391
"MED134_14657",869,838
"MED134_14662",148,142
"MED134_14667",640,611
"MED134_14672",281,269
"MED134_14677",170,158
"MED134_14682",212,198
"MED134_14687",15628,15587
"MED134_14692",13228,13184
"MED134_14697",3556,3213
"MED134_14702",4168,3940
"MED134_14707",5778,5418
"MED134_14712",4043,4018
"MED134_14717",5511,5342
"MED134_14722",120,110
"MED134_14727",203,147
"MED134_14732",887,877
"MED134_14737",3238,3216
"MED134_14742",894,524
"MED134_14747",450,440
"MED134_14752",1066,1040
"MED134_14757",4811,4786
"MED134_14762",1401,1359
"MED134_14767",3259,3193
"MED134_14772",3432,3348
"MED134_14777",974,948
"MED134_14782",1565,1362
"MED134_14787",4253,3973
"MED134_14792",5631,5601
"MED134_14797",748,745
"MED134_14802",7475,7335
